bids_name	aor	aqi	dummy_trs	dvars_nstd	dvars_std	dvars_vstd	efc	fber	fd_mean	fd_num	fd_perc	fwhm_avg	fwhm_x	fwhm_y	fwhm_z	gcor	gsr_x	gsr_y	size_t	size_x	size_y	size_z	snr	spacing_tr	spacing_x	spacing_y	spacing_z	summary_bg_k	summary_bg_mad	summary_bg_mean	summary_bg_median	summary_bg_n	summary_bg_p05	summary_bg_p95	summary_bg_stdv	summary_fg_k	summary_fg_mad	summary_fg_mean	summary_fg_median	summary_fg_n	summary_fg_p05	summary_fg_p95	summary_fg_stdv	tsnr
sub-01_ses-001_task-rest_bold	0.0009068200836820084	0.007467710543933055	1	22.937679635126067	1.165364647352941	0.9935121521008399	0.5425326768209789	1035.410400390625	0.0793564802779562	0	0.0	1.8270561783139312	1.7865376	1.9561920000000002	1.7384389349417935	0.0522935	-0.003411513054743409	0.021815581247210503	239	64	64	33	6.794391999676897	2.0	3.125	3.125	3.5999999046325684	83.15608375393872	8.796358978934979	46.372066497802734	27.046024322509766	78083.0	19.9539737701416	120.9121322631836	70.56363677978516	1.5658052469492683	113.08714924830315	891.34619140625	882.8284301757812	26857.0	688.0836547851562	1107.04853515625	129.9324493408203	68.85065127722919
