bids_name	cjv	cnr	efc	fber	fwhm_avg	fwhm_x	fwhm_y	fwhm_z	icvs_csf	icvs_gm	icvs_wm	inu_med	inu_range	qi_1	qi_2	rpve_csf	rpve_gm	rpve_wm	size_x	size_y	size_z	snr_csf	snr_gm	snr_total	snr_wm	snrd_csf	snrd_gm	snrd_total	snrd_wm	spacing_x	spacing_y	spacing_z	summary_bg_k	summary_bg_mad	summary_bg_mean	summary_bg_median	summary_bg_n	summary_bg_p05	summary_bg_p95	summary_bg_stdv	summary_csf_k	summary_csf_mad	summary_csf_mean	summary_csf_median	summary_csf_n	summary_csf_p05	summary_csf_p95	summary_csf_stdv	summary_gm_k	summary_gm_mad	summary_gm_mean	summary_gm_median	summary_gm_n	summary_gm_p05	summary_gm_p95	summary_gm_stdv	summary_wm_k	summary_wm_mad	summary_wm_mean	summary_wm_median	summary_wm_n	summary_wm_p05	summary_wm_p95	summary_wm_stdv	tpm_overlap_csf	tpm_overlap_gm	tpm_overlap_wm	wm2max
sub-01_ses-001_T1w	0.30870830886548806	4.312470813575319	0.5284438349187041	11774.33663091716	3.99752201652842	3.5793860495852594	4.52786	3.88532	0.24339722829079277	0.43203230601765386	0.32457046569155334	0.6477645039558411	0.2541414499282837	0.0	0.008473273084406516	22.508211345849723	12.700037143111487	19.771816545354934	128	256	256	1.576229914443273	8.279370301052735	11.539048028080744	24.761543868746223	18.438114717667656	64.73706257278305	62.07671424939216	103.0549654577258	1.3300018310546875	1.0	1.0	4.466278993665178	6.357003026703137	5.413726858814542	4.287733383476734	2184238.0	0.0	18.995377503335476	6.815087187385093	-0.41088860032873553	131.15314065706528	192.8776342441578	178.9110650345683	31389.0	35.14025069028139	390.28434393107887	113.50388256930022	0.04093443293733623	76.56814818755286	627.5520259817288	628.164917588234	22446.0	499.7005928084254	749.8742657527328	75.86940815407087	0.519564973332264	38.213046126997625	998.5467024042371	999.9760772436857	120034.0	929.7195296809077	1061.681111857295	40.38406963429972	0.1525401585980534	0.48541565886596333	0.5144285290581113	0.7789058212910728
